{
  "country": [
    {
      "name": "Select Country",
      "states": [
        "Select State"
      ]
    },
    {
      "name": "United States",
      "states": [
        "Miami",
        "New York",
        "Los Angeles"
      ]
    },
    {
      "name": "India",
      "states": [
        "Maharashtra",
        "Uttarakhand",
        "Punjab"
      ]
    },
    {
      "name": "Australia",
      "states": [
        "New South Wales",
        "Victoria",
        "Melbourne"
      ]
    }
  ]
}